<?xml version="1.0" encoding="UTF-8"?>
<Configuration>
    <Properties>
        <Property name="logDir">로그파일 디렉토리 경로</Property>
        <Property name="logNm">로그파일 이름</Property>
        <Property name="layoutPattern_console">[%d] [%-5p] %C.%M(%L) - %m%n</Property>
        <Property name="layoutPattern_file">%d{yyyy-MM-dd HH:mm:ss.SSS} [%-5p] %x %C.%M(%L) : %m%n</Property>
    </Properties>
    <Appenders>
        <Console name="NFILTERCONSOLE" target="SYSTEM_OUT">
            <PatternLayout pattern="${layoutPattern_console}"/>
        </Console>
        <RollingFile name="NFILTERFILE" fileName="${logDir}/${logNm}.log" filePattern="${logDir}/${logNm}_%d{yyyy-MM-dd}_%i.log">
            <PatternLayout pattern="${layoutPattern_file}"/>
            <Policies>
                <SizeBasedTriggeringPolicy size="10MB"/> <!-- 10MB 용량이 초과시 DefaultRolloverStrategy 정책만큼 넘버링 -->
                <TimeBasedTriggeringPolicy module="true" interval="1"/><!-- 일별 로그 파일 생성-->
            </Policies>
            <DefaultRolloverStrategy max="500" fileIndex="min"/><!-- 롤링 파일 500개 까지 생성 -->
        </RollingFile>
    </Appenders>
    <Loggers>
        <Logger name="com.nshc.NFilter" level="debug" additivity="false">
            <AppenderRef ref="NFILTERCONSOLE"/>
            <AppenderRef ref="NFILTERFILE"/>
        </Logger>
    </Loggers>
</Configuration>
